Date,Week,Tank,Eggs.mass,Notes,Treatment
5/8/2019,1,3,0,noeggplaceholder,Hyacinth.none
5/8/2019,1,9,0,noeggplaceholder,Hyacinth.remove
5/8/2019,1,12,0,noeggplaceholder,Hyacinth.none
5/8/2019,1,14,0,noeggplaceholder,Hyacinth.remove
5/8/2019,1,31,0,noeggplaceholder,Hyacinth.remove
5/8/2019,1,38,0,noeggplaceholder,Hyacinth.none
5/8/2019,1,4,7,,Control.chop
5/8/2019,1,4,3,,Control.chop
5/8/2019,1,19,9,,Control.chop
5/8/2019,1,19,18,,Control.chop
5/8/2019,1,19,10,,Control.chop
5/8/2019,1,19,9,,Control.chop
5/15/2019,2,1,7,,Control.none
5/15/2019,2,1,10,,Control.none
5/15/2019,2,1,22,,Control.none
5/15/2019,2,1,11,,Control.none
5/15/2019,2,1,5,,Control.none
5/15/2019,2,1,8,,Control.none
5/15/2019,2,1,7,,Control.none
5/15/2019,2,1,8,,Control.none
5/15/2019,2,1,11,,Control.none
5/15/2019,2,2,13,,Hyacinth.remove
5/15/2019,2,4,9,,Control.chop
5/15/2019,2,4,12,,Control.chop
5/15/2019,2,4,5,,Control.chop
5/15/2019,2,4,3,,Control.chop
5/15/2019,2,4,31,,Control.chop
5/15/2019,2,4,16,,Control.chop
5/15/2019,2,4,11,,Control.chop
5/15/2019,2,4,12,,Control.chop
5/15/2019,2,4,14,,Control.chop
5/15/2019,2,8,8,,Control.none
5/15/2019,2,10,35,,Hyacinth.none
5/15/2019,2,15,22,,Control.none
5/15/2019,2,15,7,,Control.none
5/15/2019,2,15,25,,Control.none
5/15/2019,2,16,15,,Hyacinth.none
5/15/2019,2,17,15,,Hyacinth.chop
5/15/2019,2,18,11,,Hyacinth.none
5/15/2019,2,19,7,,Control.chop
5/15/2019,2,19,15,,Control.chop
5/15/2019,2,19,12,,Control.chop
5/15/2019,2,19,13,,Control.chop
5/15/2019,2,19,9,,Control.chop
5/15/2019,2,19,24,,Control.chop
5/15/2019,2,19,16,,Control.chop
5/15/2019,2,19,16,,Control.chop
5/15/2019,2,19,1,,Control.chop
5/15/2019,2,19,1,,Control.chop
5/15/2019,2,19,1,,Control.chop
5/15/2019,2,19,1,,Control.chop
5/15/2019,2,19,1,,Control.chop
5/15/2019,2,19,11,,Control.chop
5/15/2019,2,19,13,,Control.chop
5/15/2019,2,19,7,,Control.chop
5/15/2019,2,19,6,,Control.chop
5/15/2019,2,19,22,,Control.chop
5/15/2019,2,19,15,,Control.chop
5/15/2019,2,19,3,,Control.chop
5/15/2019,2,20,8,,Hyacinth.none
5/15/2019,2,20,19,,Hyacinth.none
5/15/2019,2,20,21,,Hyacinth.none
5/15/2019,2,22,35,,Control.none
5/15/2019,2,22,29,,Control.none
5/15/2019,2,23,17,,Control.chop
5/15/2019,2,23,41,,Control.chop
5/15/2019,2,23,17,,Control.chop
5/15/2019,2,23,17,,Control.chop
5/15/2019,2,23,5,,Control.chop
5/15/2019,2,23,6,,Control.chop
5/15/2019,2,23,15,,Control.chop
5/15/2019,2,23,13,,Control.chop
5/15/2019,2,23,44,,Control.chop
5/15/2019,2,23,25,,Control.chop
5/15/2019,2,23,26,,Control.chop
5/15/2019,2,23,21,,Control.chop
5/15/2019,2,23,5,,Control.chop
5/15/2019,2,23,20,,Control.chop
5/15/2019,2,23,32,,Control.chop
5/15/2019,2,23,11,,Control.chop
5/15/2019,2,23,14,,Control.chop
5/15/2019,2,23,28,,Control.chop
5/15/2019,2,23,15,,Control.chop
5/15/2019,2,23,17,,Control.chop
5/15/2019,2,23,7,,Control.chop
5/15/2019,2,23,9,,Control.chop
5/15/2019,2,23,7,,Control.chop
5/15/2019,2,29,14,,Control.none
5/15/2019,2,29,6,,Control.none
5/15/2019,2,29,3,,Control.none
5/15/2019,2,29,24,,Control.none
5/15/2019,2,29,18,,Control.none
5/15/2019,2,29,2,,Control.none
5/15/2019,2,29,13,,Control.none
5/15/2019,2,29,22,,Control.none
5/15/2019,2,29,25,,Control.none
5/15/2019,2,29,7,,Control.none
5/15/2019,2,29,7,,Control.none
5/15/2019,2,30,34,,Hyacinth.chop
5/15/2019,2,32,21,,Hyacinth.chop
5/15/2019,2,35,11,,Control.none
5/15/2019,2,35,9,,Control.none
5/15/2019,2,36,11,,Hyacinth.remove
5/15/2019,2,37,21,,Hyacinth.remove
5/22/2019,3,2,16,,Hyacinth.remove
5/22/2019,3,6,15,,Control.chop
5/22/2019,3,8,9,,Control.none
5/22/2019,3,18,8,,Hyacinth.none
5/22/2019,3,18,15,,Hyacinth.none
5/22/2019,3,19,9,,Control.chop
5/22/2019,3,19,8,,Control.chop
5/22/2019,3,19,5,,Control.chop
5/22/2019,3,19,9,,Control.chop
5/22/2019,3,19,2,,Control.chop
5/22/2019,3,19,6,,Control.chop
5/22/2019,3,19,7,,Control.chop
5/22/2019,3,20,9,,Hyacinth.none
5/22/2019,3,20,10,,Hyacinth.none
5/22/2019,3,20,14,,Hyacinth.none
5/22/2019,3,20,9,,Hyacinth.none
5/22/2019,3,20,8,,Hyacinth.none
5/22/2019,3,21,15,,Hyacinth.chop
5/22/2019,3,23,11,,Control.chop
5/22/2019,3,23,8,,Control.chop
5/22/2019,3,27,7,,Hyacinth.remove
5/22/2019,3,36,17,,Hyacinth.remove
5/22/2019,3,36,16,,Hyacinth.remove
5/22/2019,3,37,11,,Hyacinth.remove
5/22/2019,3,40,16,,Hyacinth.chop
5/29/2019,4,2,14,,Hyacinth.remove
6/5/2019,5,2,15,,Hyacinth.remove
6/5/2019,5,6,10,,Control.chop
6/5/2019,5,19,15,,Control.chop
6/5/2019,5,19,15,,Control.chop
6/5/2019,5,19,12,,Control.chop
6/5/2019,5,19,12,,Control.chop
6/5/2019,5,19,15,,Control.chop
6/5/2019,5,19,10,,Control.chop
6/5/2019,5,34,15,,Hyacinth.chop
6/12/2019,6,6,13,,Control.chop
6/12/2019,6,6,7,,Control.chop
6/12/2019,6,6,6,,Control.chop
6/12/2019,6,19,15,,Control.chop
6/12/2019,6,19,11,,Control.chop
6/12/2019,6,19,8,,Control.chop
6/12/2019,6,23,16,,Control.chop
6/12/2019,6,23,5,,Control.chop
6/12/2019,6,23,9,,Control.chop
6/12/2019,6,23,5,,Control.chop
6/12/2019,6,23,6,,Control.chop
6/12/2019,6,23,12,,Control.chop
6/12/2019,6,23,11,,Control.chop
6/12/2019,6,23,12,,Control.chop
6/12/2019,6,23,12,,Control.chop
6/12/2019,6,29,12,,Control.none
6/12/2019,6,36,19,,Hyacinth.remove
6/19/2019,7,4,1,,Control.chop
6/19/2019,7,4,11,,Control.chop
6/19/2019,7,4,4,,Control.chop
6/19/2019,7,4,22,,Control.chop
6/19/2019,7,4,13,,Control.chop
6/19/2019,7,4,16,,Control.chop
6/19/2019,7,4,5,,Control.chop
6/19/2019,7,6,20,,Control.chop
6/19/2019,7,6,8,,Control.chop
6/19/2019,7,6,13,,Control.chop
6/19/2019,7,7,5,,Control.chop
6/19/2019,7,19,8,,Control.chop
6/19/2019,7,19,11,,Control.chop
6/19/2019,7,19,9,,Control.chop
6/19/2019,7,19,13,,Control.chop
6/19/2019,7,22,23,,Control.none
6/19/2019,7,22,17,,Control.none
6/19/2019,7,22,18,,Control.none
6/19/2019,7,22,22,,Control.none
6/19/2019,7,22,18,,Control.none
6/19/2019,7,23,11,,Control.chop
6/19/2019,7,29,17,,Control.none
6/19/2019,7,29,9,,Control.none
6/19/2019,7,29,10,,Control.none
6/19/2019,7,29,14,,Control.none
6/19/2019,7,29,5,,Control.none
6/19/2019,7,29,21,,Control.none
6/19/2019,7,29,35,,Control.none
6/19/2019,7,29,9,,Control.none
6/19/2019,7,29,24,,Control.none
6/26/2019,8,4,24,,Control.chop
6/26/2019,8,4,20,,Control.chop
6/26/2019,8,4,9,,Control.chop
6/26/2019,8,4,8,,Control.chop
6/26/2019,8,4,6,,Control.chop
6/26/2019,8,4,11,,Control.chop
6/26/2019,8,4,9,,Control.chop
6/26/2019,8,4,3,,Control.chop
6/26/2019,8,4,8,,Control.chop
6/26/2019,8,4,21,,Control.chop
6/26/2019,8,4,8,,Control.chop
6/26/2019,8,4,14,,Control.chop
6/26/2019,8,4,6,,Control.chop
6/26/2019,8,6,9,,Control.chop
6/26/2019,8,6,11,,Control.chop
6/26/2019,8,6,7,,Control.chop
6/26/2019,8,6,12,,Control.chop
6/26/2019,8,6,15,,Control.chop
6/26/2019,8,7,4,,Control.chop
6/26/2019,8,7,23,,Control.chop
6/26/2019,8,8,12,,Control.none
6/26/2019,8,8,15,,Control.none
6/26/2019,8,15,17,,Control.none
6/26/2019,8,15,15,,Control.none
6/26/2019,8,15,9,,Control.none
6/26/2019,8,19,4,,Control.chop
6/26/2019,8,19,13,,Control.chop
6/26/2019,8,19,5,,Control.chop
6/26/2019,8,19,12,,Control.chop
6/26/2019,8,19,10,,Control.chop
6/26/2019,8,19,11,,Control.chop
6/26/2019,8,19,11,,Control.chop
6/26/2019,8,19,12,,Control.chop
6/26/2019,8,19,10,,Control.chop
6/26/2019,8,19,15,,Control.chop
6/26/2019,8,19,16,,Control.chop
6/26/2019,8,19,13,,Control.chop
6/26/2019,8,19,15,,Control.chop
6/26/2019,8,19,17,,Control.chop
6/26/2019,8,19,8,,Control.chop
6/26/2019,8,19,13,,Control.chop
6/26/2019,8,19,10,,Control.chop
6/26/2019,8,22,13,,Control.none
6/26/2019,8,22,18,,Control.none
6/26/2019,8,23,25,,Control.chop
6/26/2019,8,23,8,,Control.chop
6/26/2019,8,23,7,,Control.chop
6/26/2019,8,23,10,,Control.chop
6/26/2019,8,23,12,,Control.chop
6/26/2019,8,23,11,,Control.chop
6/26/2019,8,23,17,,Control.chop
6/26/2019,8,23,6,,Control.chop
6/26/2019,8,23,12,,Control.chop
6/26/2019,8,23,17,,Control.chop
6/26/2019,8,23,7,,Control.chop
6/26/2019,8,23,14,,Control.chop
6/26/2019,8,28,22,,Control.none
6/26/2019,8,28,17,,Control.none
6/26/2019,8,29,21,,Control.none
6/26/2019,8,29,19,,Control.none
6/26/2019,8,35,17,,Control.none
6/26/2019,8,35,12,,Control.none
7/3/2019,9,1,4,,Control.none
7/3/2019,9,1,10,,Control.none
7/3/2019,9,1,8,,Control.none
7/3/2019,9,2,10,,Hyacinth.remove
7/3/2019,9,4,3,,Control.chop
7/3/2019,9,4,28,,Control.chop
7/3/2019,9,4,5,,Control.chop
7/3/2019,9,4,16,,Control.chop
7/3/2019,9,4,11,,Control.chop
7/3/2019,9,4,11,,Control.chop
7/3/2019,9,4,6,,Control.chop
7/3/2019,9,4,11,,Control.chop
7/3/2019,9,4,16,,Control.chop
7/3/2019,9,4,31,,Control.chop
7/3/2019,9,4,5,,Control.chop
7/3/2019,9,4,14,,Control.chop
7/3/2019,9,4,5,,Control.chop
7/3/2019,9,4,16,,Control.chop
7/3/2019,9,4,14,,Control.chop
7/3/2019,9,4,3,,Control.chop
7/3/2019,9,5,4,,Control.chop
7/3/2019,9,5,17,,Control.chop
7/3/2019,9,5,9,,Control.chop
7/3/2019,9,5,6,,Control.chop
7/3/2019,9,6,21,,Control.chop
7/3/2019,9,6,16,,Control.chop
7/3/2019,9,6,18,,Control.chop
7/3/2019,9,6,19,,Control.chop
7/3/2019,9,6,16,,Control.chop
7/3/2019,9,6,30,,Control.chop
7/3/2019,9,7,14,,Control.chop
7/3/2019,9,7,4,,Control.chop
7/3/2019,9,7,14,,Control.chop
7/3/2019,9,7,9,,Control.chop
7/3/2019,9,7,34,,Control.chop
7/3/2019,9,7,6,,Control.chop
7/3/2019,9,7,8,,Control.chop
7/3/2019,9,7,10,,Control.chop
7/3/2019,9,7,6,,Control.chop
7/3/2019,9,7,10,,Control.chop
7/3/2019,9,13,18,,Control.chop
7/3/2019,9,13,18,,Control.chop
7/3/2019,9,13,16,,Control.chop
7/3/2019,9,13,15,,Control.chop
7/3/2019,9,13,21,,Control.chop
7/3/2019,9,16,5,,Hyacinth.none
7/3/2019,9,17,16,,Hyacinth.chop
7/3/2019,9,17,12,,Hyacinth.chop
7/3/2019,9,17,18,,Hyacinth.chop
7/3/2019,9,17,14,,Hyacinth.chop
7/3/2019,9,17,8,,Hyacinth.chop
7/3/2019,9,19,10,,Control.chop
7/3/2019,9,19,13,,Control.chop
7/3/2019,9,19,9,,Control.chop
7/3/2019,9,19,13,,Control.chop
7/3/2019,9,19,14,,Control.chop
7/3/2019,9,19,7,,Control.chop
7/3/2019,9,19,12,,Control.chop
7/3/2019,9,19,4,,Control.chop
7/3/2019,9,19,15,,Control.chop
7/3/2019,9,19,15,,Control.chop
7/3/2019,9,19,21,,Control.chop
7/3/2019,9,19,20,,Control.chop
7/3/2019,9,19,23,,Control.chop
7/3/2019,9,19,23,,Control.chop
7/3/2019,9,19,6,,Control.chop
7/3/2019,9,19,21,,Control.chop
7/3/2019,9,19,14,,Control.chop
7/3/2019,9,19,7,,Control.chop
7/3/2019,9,19,17,,Control.chop
7/3/2019,9,19,19,,Control.chop
7/3/2019,9,19,21,,Control.chop
7/3/2019,9,19,15,,Control.chop
7/3/2019,9,19,21,,Control.chop
7/3/2019,9,19,10,,Control.chop
7/3/2019,9,19,21,,Control.chop
7/3/2019,9,19,19,,Control.chop
7/3/2019,9,19,14,,Control.chop
7/3/2019,9,19,13,,Control.chop
7/3/2019,9,19,24,,Control.chop
7/3/2019,9,19,26,,Control.chop
7/3/2019,9,19,19,,Control.chop
7/3/2019,9,19,21,,Control.chop
7/3/2019,9,19,12,,Control.chop
7/3/2019,9,19,6,,Control.chop
7/3/2019,9,19,21,,Control.chop
7/3/2019,9,21,14,,Hyacinth.chop
7/3/2019,9,21,14,,Hyacinth.chop
7/3/2019,9,21,27,,Hyacinth.chop
7/3/2019,9,21,25,,Hyacinth.chop
7/3/2019,9,21,24,,Hyacinth.chop
7/3/2019,9,21,15,,Hyacinth.chop
7/3/2019,9,21,16,,Hyacinth.chop
7/3/2019,9,21,11,,Hyacinth.chop
7/3/2019,9,21,4,,Hyacinth.chop
7/3/2019,9,21,22,,Hyacinth.chop
7/3/2019,9,21,26,,Hyacinth.chop
7/3/2019,9,21,11,,Hyacinth.chop
7/3/2019,9,21,11,,Hyacinth.chop
7/3/2019,9,21,13,,Hyacinth.chop
7/3/2019,9,23,29,,Control.chop
7/3/2019,9,23,22,,Control.chop
7/3/2019,9,23,18,,Control.chop
7/3/2019,9,23,4,,Control.chop
7/3/2019,9,23,9,,Control.chop
7/3/2019,9,23,13,,Control.chop
7/3/2019,9,23,20,,Control.chop
7/3/2019,9,23,17,,Control.chop
7/3/2019,9,23,19,,Control.chop
7/3/2019,9,23,11,,Control.chop
7/3/2019,9,23,19,,Control.chop
7/3/2019,9,23,21,,Control.chop
7/3/2019,9,23,21,,Control.chop
7/3/2019,9,23,18,,Control.chop
7/3/2019,9,23,16,,Control.chop
7/3/2019,9,23,18,,Control.chop
7/3/2019,9,23,18,,Control.chop
7/3/2019,9,23,11,,Control.chop
7/3/2019,9,23,16,,Control.chop
7/3/2019,9,23,27,,Control.chop
7/3/2019,9,23,26,,Control.chop
7/3/2019,9,23,32,,Control.chop
7/3/2019,9,23,29,,Control.chop
7/3/2019,9,23,28,,Control.chop
7/3/2019,9,23,29,,Control.chop
7/3/2019,9,23,16,,Control.chop
7/3/2019,9,23,20,,Control.chop
7/3/2019,9,23,25,,Control.chop
7/3/2019,9,23,16,,Control.chop
7/3/2019,9,23,14,,Control.chop
7/3/2019,9,23,10,,Control.chop
7/3/2019,9,23,23,,Control.chop
7/3/2019,9,28,9,,Control.none
7/3/2019,9,29,10,,Control.none
7/3/2019,9,30,15,,Hyacinth.chop
7/3/2019,9,30,22,,Hyacinth.chop
7/3/2019,9,30,12,,Hyacinth.chop
7/3/2019,9,32,18,,Hyacinth.chop
7/3/2019,9,32,16,,Hyacinth.chop
7/3/2019,9,32,11,,Hyacinth.chop
7/3/2019,9,32,17,,Hyacinth.chop
7/3/2019,9,33,26,,Hyacinth.chop
7/3/2019,9,33,3,,Hyacinth.chop
7/3/2019,9,33,10,,Hyacinth.chop
7/3/2019,9,33,10,,Hyacinth.chop
7/3/2019,9,33,22,,Hyacinth.chop
7/3/2019,9,33,12,,Hyacinth.chop
7/3/2019,9,33,10,,Hyacinth.chop
7/3/2019,9,34,18,,Hyacinth.chop
7/3/2019,9,34,23,,Hyacinth.chop
7/3/2019,9,34,19,,Hyacinth.chop
7/3/2019,9,34,15,,Hyacinth.chop
7/3/2019,9,34,15,,Hyacinth.chop
7/3/2019,9,34,21,,Hyacinth.chop
7/3/2019,9,34,8,,Hyacinth.chop
7/3/2019,9,34,10,,Hyacinth.chop
7/3/2019,9,34,20,,Hyacinth.chop
7/3/2019,9,34,24,,Hyacinth.chop
7/3/2019,9,34,14,,Hyacinth.chop
7/3/2019,9,35,3,,Control.none
7/3/2019,9,35,18,,Control.none
7/3/2019,9,35,8,,Control.none
7/3/2019,9,35,17,,Control.none
7/3/2019,9,35,16,,Control.none
7/3/2019,9,35,24,,Control.none
7/3/2019,9,35,26,,Control.none
7/3/2019,9,35,15,,Control.none
7/3/2019,9,35,16,,Control.none
7/3/2019,9,35,18,,Control.none
7/3/2019,9,35,8,,Control.none
7/3/2019,9,35,10,,Control.none
7/3/2019,9,35,5,,Control.none
7/3/2019,9,35,10,,Control.none
7/3/2019,9,35,13,,Control.none
7/3/2019,9,35,23,,Control.none
7/3/2019,9,35,12,,Control.none
7/3/2019,9,35,26,,Control.none
7/3/2019,9,35,25,,Control.none
7/3/2019,9,35,2,,Control.none
7/3/2019,9,35,23,,Control.none
7/3/2019,9,35,16,,Control.none
7/3/2019,9,35,21,,Control.none
7/3/2019,9,35,12,,Control.none
7/3/2019,9,35,12,,Control.none
7/3/2019,9,35,14,,Control.none
7/3/2019,9,40,9,,Hyacinth.chop
7/3/2019,9,40,10,,Hyacinth.chop
7/3/2019,9,40,18,,Hyacinth.chop
7/3/2019,9,40,11,,Hyacinth.chop
7/3/2019,9,40,7,,Hyacinth.chop
7/3/2019,9,40,10,,Hyacinth.chop
7/3/2019,9,40,8,,Hyacinth.chop
7/3/2019,9,40,7,,Hyacinth.chop
7/3/2019,9,40,6,,Hyacinth.chop
7/3/2019,9,40,12,,Hyacinth.chop
7/3/2019,9,40,22,,Hyacinth.chop
7/3/2019,9,40,18,,Hyacinth.chop
7/3/2019,9,40,9,,Hyacinth.chop
7/3/2019,9,40,12,,Hyacinth.chop
7/3/2019,9,40,18,,Hyacinth.chop
7/3/2019,9,40,16,,Hyacinth.chop
7/3/2019,9,40,5,,Hyacinth.chop
7/3/2019,9,40,17,,Hyacinth.chop
7/3/2019,9,40,8,,Hyacinth.chop
7/3/2019,9,40,5,,Hyacinth.chop
7/3/2019,9,40,17,,Hyacinth.chop
7/3/2019,9,40,8,,Hyacinth.chop
7/3/2019,9,40,5,,Hyacinth.chop
7/3/2019,9,40,16,,Hyacinth.chop
7/3/2019,9,40,10,,Hyacinth.chop
7/3/2019,9,40,8,,Hyacinth.chop
7/3/2019,9,40,12,,Hyacinth.chop
7/3/2019,9,40,8,,Hyacinth.chop
7/3/2019,9,40,9,,Hyacinth.chop
7/3/2019,9,40,11,,Hyacinth.chop
7/3/2019,9,40,12,,Hyacinth.chop
7/3/2019,9,40,18,,Hyacinth.chop
7/3/2019,9,40,11,,Hyacinth.chop
7/3/2019,9,40,27,,Hyacinth.chop
7/3/2019,9,40,16,,Hyacinth.chop
7/3/2019,9,40,15,,Hyacinth.chop
7/10/2019,10,1,11,,Control.none
7/10/2019,10,1,14,,Control.none
7/10/2019,10,1,23,,Control.none
7/10/2019,10,4,11,,Control.chop
7/10/2019,10,4,3,,Control.chop
7/10/2019,10,7,9,,Control.chop
7/10/2019,10,7,17,,Control.chop
7/10/2019,10,13,9,,Control.chop
7/10/2019,10,13,13,,Control.chop
7/10/2019,10,13,3,,Control.chop
7/10/2019,10,13,17,,Control.chop
7/10/2019,10,17,4,,Hyacinth.chop
7/10/2019,10,17,9,,Hyacinth.chop
7/10/2019,10,17,4,,Hyacinth.chop
7/10/2019,10,17,12,,Hyacinth.chop
7/10/2019,10,17,19,,Hyacinth.chop
7/10/2019,10,17,17,,Hyacinth.chop
7/10/2019,10,17,39,,Hyacinth.chop
7/10/2019,10,17,30,,Hyacinth.chop
7/10/2019,10,17,17,,Hyacinth.chop
7/10/2019,10,17,21,,Hyacinth.chop
7/10/2019,10,19,4,,Control.chop
7/10/2019,10,21,27,,Hyacinth.chop
7/10/2019,10,21,16,,Hyacinth.chop
7/10/2019,10,21,24,,Hyacinth.chop
7/10/2019,10,21,27,,Hyacinth.chop
7/10/2019,10,21,26,,Hyacinth.chop
7/10/2019,10,21,19,,Hyacinth.chop
7/10/2019,10,21,17,,Hyacinth.chop
7/10/2019,10,21,31,,Hyacinth.chop
7/10/2019,10,21,27,,Hyacinth.chop
7/10/2019,10,21,19,,Hyacinth.chop
7/10/2019,10,21,25,,Hyacinth.chop
7/10/2019,10,21,23,,Hyacinth.chop
7/10/2019,10,21,31,,Hyacinth.chop
7/10/2019,10,21,15,,Hyacinth.chop
7/10/2019,10,21,30,,Hyacinth.chop
7/10/2019,10,21,19,,Hyacinth.chop
7/10/2019,10,21,31,,Hyacinth.chop
7/10/2019,10,21,22,,Hyacinth.chop
7/10/2019,10,21,38,,Hyacinth.chop
7/10/2019,10,21,21,,Hyacinth.chop
7/10/2019,10,21,24,,Hyacinth.chop
7/10/2019,10,21,21,,Hyacinth.chop
7/10/2019,10,21,25,,Hyacinth.chop
7/10/2019,10,21,22,,Hyacinth.chop
7/10/2019,10,21,26,,Hyacinth.chop
7/10/2019,10,21,23,,Hyacinth.chop
7/10/2019,10,21,16,,Hyacinth.chop
7/10/2019,10,21,18,,Hyacinth.chop
7/10/2019,10,21,29,,Hyacinth.chop
7/10/2019,10,21,42,,Hyacinth.chop
7/10/2019,10,21,30,,Hyacinth.chop
7/10/2019,10,21,22,,Hyacinth.chop
7/10/2019,10,21,26,,Hyacinth.chop
7/10/2019,10,21,25,,Hyacinth.chop
7/10/2019,10,21,21,,Hyacinth.chop
7/10/2019,10,21,23,,Hyacinth.chop
7/10/2019,10,21,32,,Hyacinth.chop
7/10/2019,10,21,21,,Hyacinth.chop
7/10/2019,10,21,19,,Hyacinth.chop
7/10/2019,10,21,19,,Hyacinth.chop
7/10/2019,10,21,26,,Hyacinth.chop
7/10/2019,10,21,18,,Hyacinth.chop
7/10/2019,10,21,29,,Hyacinth.chop
7/10/2019,10,21,39,,Hyacinth.chop
7/10/2019,10,21,25,,Hyacinth.chop
7/10/2019,10,21,32,,Hyacinth.chop
7/10/2019,10,21,21,,Hyacinth.chop
7/10/2019,10,21,21,,Hyacinth.chop
7/10/2019,10,21,20,,Hyacinth.chop
7/10/2019,10,21,13,,Hyacinth.chop
7/10/2019,10,21,34,,Hyacinth.chop
7/10/2019,10,21,29,,Hyacinth.chop
7/10/2019,10,21,22,,Hyacinth.chop
7/10/2019,10,21,15,,Hyacinth.chop
7/10/2019,10,21,12,,Hyacinth.chop
7/10/2019,10,30,26,,Hyacinth.chop
7/10/2019,10,29,9,,Control.none
7/10/2019,10,34,19,,Hyacinth.chop
7/10/2019,10,34,20,,Hyacinth.chop
7/10/2019,10,34,27,,Hyacinth.chop
7/10/2019,10,34,19,,Hyacinth.chop
7/10/2019,10,34,23,,Hyacinth.chop
7/10/2019,10,34,6,,Hyacinth.chop
7/10/2019,10,34,27,,Hyacinth.chop
7/10/2019,10,34,18,,Hyacinth.chop
7/10/2019,10,34,19,,Hyacinth.chop
7/10/2019,10,34,35,,Hyacinth.chop
7/10/2019,10,34,29,,Hyacinth.chop
7/10/2019,10,34,32,,Hyacinth.chop
7/10/2019,10,34,7,,Hyacinth.chop
7/10/2019,10,34,30,,Hyacinth.chop
7/10/2019,10,34,11,,Hyacinth.chop
7/10/2019,10,34,22,,Hyacinth.chop
7/10/2019,10,35,18,,Control.none
7/10/2019,10,35,19,,Control.none
7/10/2019,10,35,25,,Control.none
7/10/2019,10,35,18,,Control.none
7/10/2019,10,35,9,,Control.none
7/10/2019,10,35,3,,Control.none
7/10/2019,10,35,22,,Control.none
7/10/2019,10,35,18,,Control.none
7/10/2019,10,35,4,,Control.none
7/10/2019,10,35,3,,Control.none
7/10/2019,10,35,16,,Control.none
7/10/2019,10,35,25,,Control.none
7/10/2019,10,35,21,,Control.none
7/10/2019,10,35,12,,Control.none
7/10/2019,10,35,17,,Control.none
7/10/2019,10,35,18,,Control.none
7/10/2019,10,35,3,,Control.none
7/10/2019,10,35,17,,Control.none
7/10/2019,10,35,20,,Control.none
7/10/2019,10,35,15,,Control.none
7/10/2019,10,40,9,,Hyacinth.chop
7/10/2019,10,40,9,,Hyacinth.chop
7/10/2019,10,40,12,,Hyacinth.chop
7/10/2019,10,40,16,,Hyacinth.chop
7/10/2019,10,40,5,,Hyacinth.chop
7/10/2019,10,40,16,,Hyacinth.chop
7/10/2019,10,40,16,,Hyacinth.chop
7/10/2019,10,40,5,,Hyacinth.chop
7/10/2019,10,40,19,,Hyacinth.chop
7/10/2019,10,40,17,,Hyacinth.chop
7/10/2019,10,40,11,,Hyacinth.chop
7/10/2019,10,40,20,,Hyacinth.chop
7/10/2019,10,40,17,,Hyacinth.chop
7/10/2019,10,40,18,,Hyacinth.chop
7/10/2019,10,40,11,,Hyacinth.chop
7/10/2019,10,40,11,,Hyacinth.chop
7/10/2019,10,40,14,,Hyacinth.chop
7/10/2019,10,40,17,,Hyacinth.chop
7/10/2019,10,40,14,,Hyacinth.chop
7/10/2019,10,40,12,,Hyacinth.chop
7/10/2019,10,40,10,,Hyacinth.chop
7/10/2019,10,40,8,,Hyacinth.chop
7/10/2019,10,40,14,,Hyacinth.chop
7/10/2019,10,40,11,,Hyacinth.chop
7/10/2019,10,40,14,,Hyacinth.chop
7/10/2019,10,40,9,,Hyacinth.chop
7/10/2019,10,40,16,,Hyacinth.chop
7/10/2019,10,40,15,,Hyacinth.chop
7/10/2019,10,40,14,,Hyacinth.chop
7/10/2019,10,40,21,,Hyacinth.chop
7/10/2019,10,40,29,,Hyacinth.chop
7/10/2019,10,40,5,,Hyacinth.chop
7/10/2019,10,40,13,,Hyacinth.chop
7/10/2019,10,40,8,,Hyacinth.chop
7/10/2019,10,40,8,,Hyacinth.chop
7/10/2019,10,40,11,,Hyacinth.chop
7/10/2019,10,40,13,,Hyacinth.chop
7/10/2019,10,40,16,,Hyacinth.chop
7/10/2019,10,40,18,,Hyacinth.chop
7/17/2019,11,5,8,,Control.chop
7/17/2019,11,17,12,,Hyacinth.chop
7/17/2019,11,17,14,,Hyacinth.chop
7/17/2019,11,21,13,,Hyacinth.chop
7/17/2019,11,21,20,,Hyacinth.chop
7/17/2019,11,21,8,,Hyacinth.chop
7/17/2019,11,21,21,,Hyacinth.chop
7/17/2019,11,21,4,,Hyacinth.chop
7/17/2019,11,21,23,,Hyacinth.chop
7/17/2019,11,21,17,,Hyacinth.chop
7/17/2019,11,21,13,,Hyacinth.chop
7/17/2019,11,21,17,,Hyacinth.chop
7/24/2019,12,5,5,,Control.chop
7/24/2019,12,5,8,,Control.chop
7/24/2019,12,5,12,,Control.chop
7/24/2019,12,5,24,,Control.chop
7/31/2019,13,13,14,,Control.chop
7/31/2019,13,13,13,,Control.chop
7/31/2019,13,13,24,,Control.chop
7/31/2019,13,30,18,,Hyacinth.chop
8/7/2019,14,4,7,,Control.chop
8/7/2019,14,4,11,,Control.chop
8/7/2019,14,4,15,,Control.chop
8/7/2019,14,39,19,,Hyacinth.remove
8/7/2019,14,39,8,,Hyacinth.remove
8/7/2019,14,39,14,,Hyacinth.remove
8/14/2019,15,5,6,,Control.chop
8/14/2019,15,5,12,,Control.chop
8/14/2019,15,5,9,,Control.chop
8/14/2019,15,39,11,,Hyacinth.remove
8/14/2019,15,39,11,,Hyacinth.remove
8/21/2019,16,1,11,,Control.none
8/21/2019,16,5,18,,Control.chop
8/21/2019,16,5,10,,Control.chop
8/21/2019,16,5,12,,Control.chop
8/21/2019,16,5,13,,Control.chop
8/21/2019,16,5,14,,Control.chop
8/21/2019,16,34,12,,Hyacinth.chop
8/21/2019,16,34,17,,Hyacinth.chop
8/28/2019,17,1,13,,Control.none
8/28/2019,17,1,5,,Control.none
8/28/2019,17,1,5,,Control.none
8/28/2019,17,1,3,,Control.none
8/28/2019,17,1,7,,Control.none
8/28/2019,17,1,17,,Control.none
8/28/2019,17,1,6,,Control.none
8/28/2019,17,1,14,,Control.none
8/28/2019,17,1,15,,Control.none
8/28/2019,17,34,9,,Hyacinth.chop
8/28/2019,17,5,7,,Control.chop
8/28/2019,17,5,6,,Control.chop
8/28/2019,17,5,7,,Control.chop
8/28/2019,17,5,12,,Control.chop
8/28/2019,17,5,32,,Control.chop
8/28/2019,17,5,7,,Control.chop
